Reference, Structure, Fingerprint, Rotation #
vina9, vina2, 0.7266018927576546, 
vina6, vina3, 0.5699951883726146, 
vina4, vina1, 0.5367686348659788, 
