Reference, Structure, Fingerprint, Rotation #
pose5, pose4, 0.7777777777777778, 
pose5, pose2, 0.6666666666666666, 
pose5, pose1, 0.7317073170731707, 
pose5, crystal, 0.7027027027027027, 
pose4, pose2, 0.5789473684210527, 
pose4, pose1, 0.6976744186046512, 
pose4, crystal, 0.5641025641025641, 
pose2, pose1, 0.5116279069767442, 
pose2, crystal, 0.717948717948718, 
pose1, crystal, 0.6363636363636364, 
