Reference, Structure, RMS, Rotation #
pose9, pose3, 1.1791568994522095, 0
pose6, pose1, 1.345462679862976, 0
