Reference, Structure, Fingerprint, Rotation #
pose9, pose3, 0.5178008064857771, 
pose9, pose1, 0.5116279069767442, 
pose7, pose6, 0.7142157257286753, 
pose4, pose3, 0.5852206094918821, 
pose4, pose1, 0.7660338954075022, 
pose3, pose1, 0.7355371900826446, 
