Reference, Structure, RMS, Rotation #
pose7, pose6, 1.9484070539474487, 2
pose4, pose1, 1.5794212818145752, 0
pose3, pose1, 1.7466527223587036, 0
