Reference, Structure, RMS, Rotation #
pose1, pose3, 1.7466527223587036, 0
pose1, pose4, 1.5794212818145752, 0
pose6, pose7, 1.9484072923660278, 2
