Reference, Structure, Fingerprint, Rotation #
pose8, pose7, 0.717948717948718, 
pose8, pose3, 0.7317073170731707, 
pose8, pose2, 0.918918918918919, 
pose8, pose1, 0.7272727272727273, 
pose7, pose3, 0.7, 
pose7, pose2, 0.7777777777777778, 
pose6, pose4, 0.7586206896551724, 
pose6, pose2, 0.7142857142857143, 
pose5, pose4, 0.7567567567567568, 
pose5, pose2, 0.7222222222222222, 
pose5, pose1, 0.7906976744186046, 
pose4, pose1, 0.7619047619047619, 
pose3, pose2, 0.7894736842105263, 
