Reference, Structure, RMS, Rotation #
pose1, pose6, 1.3454408645629883, 3
pose3, pose9, 1.1791568994522095, 3
