Reference, Structure, Fingerprint, Rotation #
pose9, pose8, 0.7272727272727273, 
pose9, pose5, 0.9565217391304348, 
pose9, pose4, 0.5, 
pose9, pose3, 0.9523809523809523, 
pose9, pose1, 0.72, 
pose8, pose5, 0.782608695652174, 
pose8, pose4, 0.5, 
pose8, pose3, 0.7619047619047619, 
pose8, pose1, 0.56, 
pose7, pose6, 0.6666666666666666, 
pose5, pose3, 0.9090909090909091, 
pose5, pose1, 0.6923076923076923, 
pose4, pose3, 0.5217391304347826, 
pose4, pose1, 0.6666666666666666, 
pose3, pose1, 0.75, 
