Reference, Structure, Fingerprint, Rotation #
pose3, pose2, 0.7966275068156915, 
pose3, pose1, 0.981220239382149, 
pose2, pose1, 0.7056585322904935, 
